{
    "display": {
        "title": {
            "translate": "doom.adv.altar"
        },
        "description": {
            "translate": "doom.adv.altar.desc"
        },
        "icon": {
            "item": "minecraft:lava_bucket"
        },
        "frame": "task",
        "show_toast": true,
        "announce_to_chat": true,
        "hidden": false
    },
    "criteria": {
        "altar": {
            "trigger": "minecraft:inventory_changed",
            "conditions": {
                "items": [
                    {
                        "item": "minecraft:bucket",
                        "nbt": "{Altar:1b}",
                        "count": {
                            "min": 1,
                            "max": 1
                        }
                    }
                ]
            }
        }
    },
    "rewards": {
        "experience": 7
    },
    "parent": "doom:root"
}