{
    "display": {
        "title": {
            "translate": "doom.adv.bfg"
        },
        "description": {
            "translate": "doom.adv.bfg.desc"
        },
        "icon": {
            "item": "minecraft:crossbow",
            "nbt": "{CustomModelData:2}"
        },
        "frame": "challenge",
        "show_toast": true,
        "announce_to_chat": true,
        "hidden": false
    },
    "criteria": {
        "bfg": {
            "trigger": "minecraft:inventory_changed",
            "conditions": {
                "items": [
                    {
                        "item": "minecraft:crossbow",
                        "nbt": "{BFG:1b}"
                    }
                ]
            }
        }
    },
    "rewards": {
        "experience": 1000
    },
    "parent": "doom:altar"
}