{
    "display": {
        "title": {
            "translate": "doom.adv.bfgammo"
        },
        "description": {
            "translate": "doom.adv.bfgammo.desc"
        },
        "icon": {
            "item": "minecraft:coal",
            "nbt": "{CustomModelData:6}"
        },
        "frame": "task",
        "show_toast": true,
        "announce_to_chat": false,
        "hidden": true
    },
    "criteria": {
        "bfgammo": {
            "trigger": "minecraft:inventory_changed",
            "conditions": {
                "items": [
                    {
                        "item": "minecraft:coal",
                        "nbt": "{BFGAmmo:1b}"
                    }
                ]
            }
        }
    },
    "rewards": {
        "experience": 21
    },
    "parent": "doom:bfg"
}