{
    "display": {
        "title": {
            "translate": "doom.adv.saw"
        },
        "description": {
            "translate": "doom.adv.saw.desc"
        },
        "icon": {
            "item": "minecraft:carrot_on_a_stick",
            "nbt": "{CustomModelData:1}"
        },
        "frame": "task",
        "show_toast": true,
        "announce_to_chat": true,
        "hidden": false
    },
    "criteria": {
        "saw": {
            "trigger": "minecraft:inventory_changed",
            "conditions": {
                "items": [
                    {
                        "item": "minecraft:carrot_on_a_stick",
                        "nbt": "{Chainsaw:1b}"
                    }
                ]
            }
        }
    },
    "rewards": {
        "experience": 7
    },
    "parent": "doom:altar"
}