{
    "display": {
        "title": {
            "text": "DOOM",
            "bold": true
        },
        "description": {
            "translate": "doom.adv.root"
        },
        "icon": {
            "item": "minecraft:coal",
            "nbt": "{CustomModelData:7}"
        },
        "frame": "task",
        "show_toast": false,
        "announce_to_chat": false,
        "hidden": false,
        "background": "minecraft:textures/bg.png"
    },
    "criteria": {
        "tick": {
            "trigger": "minecraft:tick"
        }
    },
    "rewards": {
        "function": "doom:altar/give"
      }
}