{
    "display": {
        "title": {
            "translate": "doom.adv.suit"
        },
        "description": {
            "translate": "doom.adv.suit.desc"
        },
        "icon": {
            "item": "minecraft:carrot_on_a_stick",
            "nbt": "{CustomModelData:3}"
        },
        "frame": "task",
        "show_toast": true,
        "announce_to_chat": true,
        "hidden": false
    },
    "criteria": {
        "suit": {
            "trigger": "minecraft:inventory_changed",
            "conditions": {
                "items": [
                    {
                        "item": "minecraft:carrot_on_a_stick",
                        "nbt": "{SlayerHelmet:1b}"
                    },
                    {
                        "item": "minecraft:leather_chestplate",
                        "nbt": "{SlayerChest:1b}"
                    },
                    {
                        "item": "minecraft:leather_leggings",
                        "nbt": "{SlayerLeggings:1b}"
                    },
                    {
                        "item": "minecraft:leather_boots",
                        "nbt": "{SlayerBoots:1b}"
                    }
                ]
            }
        }
    },
    "rewards": {
        "experience": 70
    },
    "parent": "doom:altar"
}