{
    "display": {
        "title": {
            "translate": "doom.adv.supershotgun"
        },
        "description": {
            "translate": "doom.adv.supershotgun.desc"
        },
        "icon": {
            "item": "minecraft:crossbow",
            "nbt": "{CustomModelData:1}"
        },
        "frame": "task",
        "show_toast": true,
        "announce_to_chat": true,
        "hidden": false
    },
    "criteria": {
        "supershotgun": {
            "trigger": "minecraft:inventory_changed",
            "conditions": {
                "items": [
                    {
                        "item": "minecraft:crossbow",
                        "nbt": "{SuperShotgun:1b}"
                    }
                ]
            }
        }
    },
    "rewards": {
        "experience": 14
    },
    "parent": "doom:altar"
}