{
  "pools": [
    {
      "rolls": 1,
      "entries": [
        {
          "type": "minecraft:item",
          "name": "minecraft:pufferfish_spawn_egg",
          "functions": [
            {
              "function": "minecraft:set_nbt",
              "tag": "{display:{Name:'{\"translate\":\"item.altar\",\"italic\":false}'},CustomModelData:1,EntityTag:{id:\"minecraft:armor_stand\",Silent:1b,Marker:1b,Invisible:1b,Tags:[\"altarspawn\"]}}"
            }
          ]
        }
      ]
    }
  ]
}