{
  "pools": [
    {
      "rolls": 1,
      "entries": [
        {
          "type": "minecraft:item",
          "name": "minecraft:crossbow",
          "functions": [
            {
              "function": "minecraft:set_nbt",
              "tag": "{Preview:1b,CustomModelData:2,display:{Name:'{\"text\":\"BFG 9000\",\"italic\":false}',Lore:['{\"translate\":\"item.bfg.desc\",\"color\":\"gray\",\"italic\":false}','{\"translate\":\"item.bfg.desc2\",\"color\":\"gray\",\"italic\":false}','{\"translate\":\"doom.required\",\"color\":\"gold\",\"italic\":false}','[{\"translate\":\"block.minecraft.netherite_block\",\"color\":\"gold\",\"italic\":false},{\"text\":\": 2\",\"color\":\"gold\",\"italic\":false}]','[{\"translate\":\"item.minecraft.emerald\",\"color\":\"gold\",\"italic\":false},{\"text\":\": 4\",\"color\":\"gold\",\"italic\":false}]','[{\"translate\":\"item.minecraft.nether_star\",\"color\":\"gold\",\"italic\":false},{\"text\":\": 1\",\"color\":\"gold\",\"italic\":false}]']}}"
            }
          ]
        }
      ]
    }
  ]
}