{
  "pools": [
    {
      "rolls": 1,
      "entries": [
        {
          "type": "minecraft:item",
          "name": "minecraft:coal",
          "functions": [
            {
              "function": "minecraft:set_nbt",
              "tag": "{Preview:1b,CustomModelData:6,display:{Name:'{\"translate\":\"item.bfgammo\",\"italic\":false}',Lore:['{\"translate\":\"item.bfgammo.desc\",\"color\":\"gray\",\"italic\":false}','{\"translate\":\"doom.required\",\"color\":\"gold\",\"italic\":false}','[{\"translate\":\"item.molten_coal\",\"color\":\"gold\",\"italic\":false},{\"text\":\": 8\",\"color\":\"gold\",\"italic\":false}]','[{\"translate\":\"item.minecraft.ender_eye\",\"color\":\"gold\",\"italic\":false},{\"text\":\": 1\",\"color\":\"gold\",\"italic\":false}]']}}"
            }
          ]
        }
      ]
    }
  ]
}