{
  "pools": [
    {
      "rolls": 1,
      "entries": [
        {
          "type": "minecraft:item",
          "name": "minecraft:carrot_on_a_stick",
          "functions": [
            {
              "function": "minecraft:set_nbt",
              "tag": "{Preview:1b,CustomModelData:1,display:{Name:'{\"translate\":\"item.chainsaw\",\"italic\":false}',Lore:['{\"translate\":\"item.chainsaw.desc\",\"color\":\"gray\",\"italic\":false}','{\"translate\":\"item.chainsaw.desc2\",\"color\":\"gray\",\"italic\":false}','{\"translate\":\"doom.required\",\"color\":\"gold\",\"italic\":false}','[{\"translate\":\"item.minecraft.iron_sword\",\"color\":\"gold\",\"italic\":false},{\"text\":\": 1\",\"color\":\"gold\",\"italic\":false}]','[{\"translate\":\"item.minecraft.gold_ingot\",\"color\":\"gold\",\"italic\":false},{\"text\":\": 1\",\"color\":\"gold\",\"italic\":false}]','[{\"translate\":\"block.minecraft.iron_block\",\"color\":\"gold\",\"italic\":false},{\"text\":\": 1\",\"color\":\"gold\",\"italic\":false}]','[{\"translate\":\"item.minecraft.coal\",\"color\":\"gold\",\"italic\":false},{\"text\":\": 3\",\"color\":\"gold\",\"italic\":false}]']}}"
            }
          ]
        }
      ]
    }
  ]
}