{
  "pools": [
    {
      "rolls": 1,
      "entries": [
        {
          "type": "minecraft:item",
          "name": "minecraft:leather_leggings",
          "functions": [
            {
              "function": "minecraft:set_nbt",
              "tag": "{SlayerLeggings:1b,SlayerSuit:1b,display:{color:6056018,Name:'{\"translate\":\"item.slayerleggings\",\"italic\":false}'},HideFlags:89,Unbreakable:1b,AttributeModifiers:[{AttributeName:\"generic.armor\",Name:\"generic.armor\",Amount:6,Operation:0,UUID:[I;717401068,611600130,-1653985593,-1067951519],Slot:\"legs\"}]}"
            }
          ]
        }
      ]
    }
  ]
}