{
  "pools": [
    {
      "rolls": 1,
      "entries": [
        {
          "type": "minecraft:item",
          "name": "minecraft:leather_leggings",
          "functions": [
            {
              "function": "minecraft:set_nbt",
              "tag": "{Preview:1b,display:{color:6056018,Name:'{\"translate\":\"item.slayerleggings\",\"italic\":false}',Lore:['{\"translate\":\"item.slayersuit.desc\",\"color\":\"gray\",\"italic\":false}','{\"translate\":\"doom.required\",\"color\":\"gold\",\"italic\":false}','[{\"translate\":\"item.minecraft.iron_leggings\",\"color\":\"gold\",\"italic\":false},{\"text\":\": 1\",\"color\":\"gold\",\"italic\":false}]','[{\"translate\":\"item.minecraft.iron_ingot\",\"color\":\"gold\",\"italic\":false},{\"text\":\": 6\",\"color\":\"gold\",\"italic\":false}]','[{\"translate\":\"item.minecraft.netherite_ingot\",\"color\":\"gold\",\"italic\":false},{\"text\":\": 1\",\"color\":\"gold\",\"italic\":false}]']},HideFlags:89,Unbreakable:1b,AttributeModifiers:[{AttributeName:\"generic.armor\",Name:\"generic.armor\",Amount:6,Operation:0,UUID:[I;717401070,611600130,-1653985593,-1067951519],Slot:\"legs\"}]}"
            }
          ]
        }
      ]
    }
  ]
}