{
  "pools": [
    {
      "rolls": 1,
      "entries": [
        {
          "type": "minecraft:item",
          "name": "minecraft:carrot_on_a_stick",
          "functions": [
            {
              "function": "minecraft:set_nbt",
              "tag": "{SlayerHelmet:1b,SlayerSuit:1b,display:{Name:'{\"translate\":\"item.slayerhelmet\",\"italic\":false}'},Unbreakable:1b,CustomModelData:3,AttributeModifiers:[{AttributeName:\"generic.armor\",Name:\"generic.armor\",Amount:3,Operation:0,UUID:[I;-1229875593,-262125929,-1906040026,76000132],Slot:\"head\"}]}"
            }
          ]
        }
      ]
    }
  ]
}