{
  "pools": [
    {
      "rolls": 1,
      "entries": [
        {
          "type": "minecraft:item",
          "name": "minecraft:carrot_on_a_stick",
          "functions": [
            {
              "function": "minecraft:set_nbt",
              "tag": "{Preview:1b,CustomModelData:3,display:{Name:'{\"translate\":\"item.slayerhelmet\",\"italic\":false}',Lore:['{\"translate\":\"item.slayersuit.desc\",\"color\":\"gray\",\"italic\":false}','{\"translate\":\"item.slayerhelmet.desc\",\"color\":\"gray\",\"italic\":false}','{\"translate\":\"doom.required\",\"color\":\"gold\",\"italic\":false}','[{\"translate\":\"item.minecraft.iron_helmet\",\"color\":\"gold\",\"italic\":false},{\"text\":\": 1\",\"color\":\"gold\",\"italic\":false}]','[{\"translate\":\"item.minecraft.iron_ingot\",\"color\":\"gold\",\"italic\":false},{\"text\":\": 4\",\"color\":\"gold\",\"italic\":false}]','[{\"translate\":\"item.minecraft.netherite_ingot\",\"color\":\"gold\",\"italic\":false},{\"text\":\": 1\",\"color\":\"gold\",\"italic\":false}]','[{\"translate\":\"block.minecraft.glass_pane\",\"color\":\"gold\",\"italic\":false},{\"text\":\": 1\",\"color\":\"gold\",\"italic\":false}]']},AttributeModifiers:[{AttributeName:\"generic.armor\",Name:\"generic.armor\",Amount:3,Operation:0,UUID:[I;-1229875593,-262125929,-1906040026,76000132],Slot:\"head\"}]}"
            }
          ]
        }
      ]
    }
  ]
}