{
  "pools": [
    {
      "rolls": 1,
      "entries": [
        {
          "type": "minecraft:item",
          "name": "minecraft:leather_boots",
          "functions": [
            {
              "function": "minecraft:set_nbt",
              "tag": "{SlayerBoots:1b,SlayerSuit:1b,display:{color:4080968,Name:'{\"translate\":\"item.slayerboots\",\"italic\":false}'},HideFlags:89,Unbreakable:1b,AttributeModifiers:[{AttributeName:\"generic.armor\",Name:\"generic.armor\",Amount:3,Operation:0,UUID:[I;717401070,611600130,-1653985593,-1067951519],Slot:\"feet\"}]}"
            }
          ]
        }
      ]
    }
  ]
}