{
  "pools": [
    {
      "rolls": 1,
      "entries": [
        {
          "type": "minecraft:item",
          "name": "minecraft:leather_chestplate",
          "functions": [
            {
              "function": "minecraft:set_nbt",
              "tag": "{SlayerChest:1b,SlayerSuit:1b,display:{color:6067803,Name:'{\"translate\":\"item.slayerchest\",\"italic\":false}'},HideFlags:89,Unbreakable:1b,AttributeModifiers:[{AttributeName:\"generic.armor\",Name:\"generic.armor\",Amount:7,Operation:0,UUID:[I;717401069,611600130,-1653985593,-1067951519],Slot:\"chest\"}]}"
            }
          ]
        }
      ]
    }
  ]
}