{
  "pools": [
    {
      "rolls": 1,
      "entries": [
        {
          "type": "minecraft:item",
          "name": "minecraft:crossbow",
          "functions": [
            {
              "function": "minecraft:set_nbt",
              "tag": "{Preview:1b,CustomModelData:1,display:{Name:'{\"translate\":\"item.supershotgun\",\"italic\":false}',Lore:['{\"translate\":\"item.supershotgun.desc\",\"color\":\"gray\",\"italic\":false}','{\"translate\":\"item.supershotgun.desc2\",\"color\":\"gray\",\"italic\":false}','{\"translate\":\"doom.required\",\"color\":\"gold\",\"italic\":false}','[{\"translate\":\"block.minecraft.iron_block\",\"color\":\"gold\",\"italic\":false},{\"text\":\": 2\",\"color\":\"gold\",\"italic\":false}]','[{\"translate\":\"item.minecraft.gunpowder\",\"color\":\"gold\",\"italic\":false},{\"text\":\": 3\",\"color\":\"gold\",\"italic\":false}]','[{\"translate\":\"item.planks\",\"color\":\"gold\",\"italic\":false},{\"text\":\": 1\",\"color\":\"gold\",\"italic\":false}]']}}"
            }
          ]
        }
      ]
    }
  ]
}